<?xml version="1.0"?>
<doc>
    <assembly>
        <name>NoteLib</name>
    </assembly>
    <members>
        <member name="T:GLTc.NoteLib.AccessDatabase">
            <summary>
            Access Data Access Class
            </summary>
        </member>
        <member name="F:GLTc.NoteLib.AccessDatabase.SqlConnectStr">
            <summary>
            AccessDatabase base  Connection String
            </summary>
        </member>
        <member name="F:GLTc.NoteLib.AccessDatabase.DataBaseName">
            <summary>
            database Name
            </summary>
        </member>
        <member name="F:GLTc.NoteLib.AccessDatabase.AccessAdapter">
            <summary>
             store the recent AccessAdapter in memory
            </summary>
        </member>
        <member name="M:GLTc.NoteLib.AccessDatabase.#ctor">
            <summary>
            Constructor
            </summary>
        </member>
        <member name="M:GLTc.NoteLib.AccessDatabase.#ctor(System.String)">
            <summary>
            database file name
            </summary>
            <param name="databaseFileName"></param>
        </member>
        <member name="M:GLTc.NoteLib.AccessDatabase.CreateConnnection">
            <summary>
            Create a connnection 
            </summary>
            <returns></returns>
        </member>
        <member name="M:GLTc.NoteLib.AccessDatabase.CreateConnnection(System.String)">
            <summary>
            Create a connection
            </summary>
            <param name="ConnectStr"></param>
            <returns></returns>
        </member>
        <member name="M:GLTc.NoteLib.AccessDatabase.ExecuteNonQuery(System.String)">
            <summary>
            Execute a SQL  statement 
            </summary>
            <returns>the number of rows affected</returns>
        </member>
        <member name="M:GLTc.NoteLib.AccessDatabase.ExecuteReader(System.String)">
            <summary>
            Build a DataReader from the certain SqlText
            </summary>
            <returns>DataReader</returns>
        </member>
        <member name="M:GLTc.NoteLib.AccessDatabase.ExecuteDataSet(System.String,System.String)">
            <summary>
            Get a Dataset with the sqlText
            </summary>
            <param name="SqlText">sql Clause</param>
            <param name="TableName">TableName</param>
            <returns>the dataset  come from the sql clause</returns>
        </member>
        <member name="M:GLTc.NoteLib.AccessDatabase.ExecuteDataSet(System.String)">
            <summary>
            Get a Dataset with the sqlText
            </summary>
            <param name="SqlText">sql Clause</param>
            <returns>the dataset  come from the sql clause</returns>
        </member>
        <member name="M:GLTc.NoteLib.AccessDatabase.ExecuteScalar(System.String)">
            <summary>
            Excute the query 
            </summary>
            <param name="SqlText">sql Clause</param>
            <returns>the first column of first r</returns>
        </member>
        <member name="M:GLTc.NoteLib.AccessDatabase.UpdateDataSet(System.Data.DataSet,System.String)">
            <summary>
            update teh dataset to Access database
            </summary>
            <param name="ds">the dataSet produce by ExecuteDataSet</param>
            <param name="TableName">the table which will be update</param>
            <returns></returns>
        </member>
        <member name="M:GLTc.NoteLib.AccessDatabase.UpdateDataSet(System.Data.DataSet)">
            <summary>
             update teh dataset to Access database
            </summary>
            <param name="ds">ds</param>
            <returns></returns>
        </member>
        <member name="M:GLTc.NoteLib.AccessDatabase.Dispose">
            <summary>
            Dispose
            </summary>
        </member>
        <member name="P:GLTc.NoteLib.AccessDatabase.CurrentDataBasePath">
            <summary>
            current access database file path
            </summary>
        </member>
        <member name="P:GLTc.NoteLib.AccessDatabase.ConnectString">
            <summary>
            Access database connection string
            </summary>
        </member>
        <member name="P:GLTc.NoteLib.AccessDatabase.ConnectionString">
            <summary>
            Access database connection string
            </summary>
        </member>
    </members>
</doc>
