﻿<?xml version="1.0" encoding="utf-8" ?>
<LanguageConfig>
	<!--RPG Language Syntaxt highlight-->
	<RPG>
		<KeyWord Color="\red0\green0\blue200">IFEQ,OREQ,BEGSR,ENDSR,IF,ENDIF,MOVE,MOVEL,MOVE\(P\),Z-ADD,GOTO,ADD,END,EXSR,IFEQ,WRITE,ELSE,CALLB</KeyWord>
		<CommentFormat Color="\red20\green156\blue0">([HDFCIO]\*.*)|(\n[\s]*\*.*)</CommentFormat>
		<CustomRule>
			<Rule Name="Indicator" Color ="\red200\green0\blue20">([\s](\*IN)[0-9]{2}\s)</Rule>
			<Rule Name="Number" Color ="\red200\green0\blue0">([\s][0-9]+\s[0-9]+)|([\s][0-9]+\s)</Rule>
		</CustomRule>
	</RPG>
	<CLP>
		<KeyWord Color="\red0\green0\blue200">PGM,ENDPGM,DCL,CALL,MONMSG,CHGVAR,DCLF,RCVF,IF,ELSE,DO,([A-Za-z]*\(DO)\),ENDDO,SNDUSRMSG,GOTO</KeyWord>
		<CommentFormat Color="\red0\green156\blue0">([/][\*].*[\*][/])</CommentFormat>
		<CustomRule>
			<Rule Name="Variable" Color ="\red255\green0\blue255">([&amp;][A-Za-z1-9]+)</Rule>
			<Rule Name="Caclulater" Color ="\red200\green0\blue0">((\*)[A-Za-z]{2,3}\s)</Rule>
			<!--Rule Name="String" Color ="\red130\green0\blue0">(['][^']*['])</Rule-->
		</CustomRule>
	</CLP>
	<DDS>
		<KeyWord Color="\red0\green0\blue200">OVERLAY,REF,DSPSIZ</KeyWord>
		<CommentFormat Color="\red0\green156\blue0">([Aa]\*.*)</CommentFormat>
		<CustomRule>
			<Rule Name="Number" Color ="\red200\green0\blue0">([\s][0-9]+\s[0-9]+)|([\s][0-9]+\s)</Rule>
		</CustomRule>
	</DDS>

</LanguageConfig>
